LikelihoodValue,LRT,degreesFreedom,S_2/S_1,S_3/S_2,S_4/S_3,S_5/S_4,S_6/S_5,S_7/S_6,S_8/S_7
825.3121081751016,264.00765285737634,7,0.9930971853946519,0.9926718837849969,0.9957207754477271,0.9978794750673576,1.002044919635073,1.0019869746942025,1.0024953085227688
