LRT,nFrom,df
2076.813054194018,1,14
956.4867516518946,2,12
354.7452206271362,3,10
-105.6249143314244,4,8
33.55038008961401,5,6
-265.08713266613063,6,4
-452.1256646139243,7,2
