LikelihoodValue,LRT,variablesOmitted,S_2/S_1,S_3/S_2,S_4/S_3,S_5/S_4,S_6/S_5,S_7/S_6,S_8/S_7
904.7645924302891,422.9126213677514,"C1_COUNT_TOTAL_Owner, C1_COUNT_TOTAL_Population.percentage.change..2016.to.2021, C1_COUNT_TOTAL_Commuteout",0.9954049367555531,0.9967666185755315,0.9973885633793983,0.9982881739356607,1.0005281320757076,1.0000646558114907,1.0040605106686444
